,time,Channel0_impression,Channel1_impression,Channel2_impression,Channel3_impression,Channel4_impression,Channel5_impression,Channel0_spend,Channel1_spend,Channel2_spend,Channel3_spend,Channel4_spend,Channel5_spend,GQV,Geo_GDP,Competitor_Discount,conversions,revenue_per_conversion,Channel4_reach,Channel5_reach,Channel4_frequency,Channel5_frequency
0,2021-01-25,22196304.0,5712889.0,13918631.0,17072912.0,17343480.0,2767630.0,190494.19,56647.516,121492.2,132557.12,141236.69,21693.094,-0.5296281,-24.88435,-2.6557245,342742370.0,0.020009946,8099505.0,1464881.0,2.1413012,1.8893207
1,2021-02-01,27658918.0,9929533.0,10223184.0,27668936.0,12784942.0,10120146.0,237375.72,98458.66,89235.58,214826.55,104114.22,79323.2,13.778649,-18.486712,-17.554234,363192200.0,0.019984659,6920225.0,5017149.0,1.8474749,2.0171108
2,2021-02-08,45034828.0,13968472.0,29166668.0,44537184.0,30223412.0,11200601.0,386500.1,138507.72,254588.45,345794.66,246124.44,87791.97,30.576717,-38.08699,38.771027,415416400.0,0.02001538,12528367.0,6002935.0,2.4123983,1.8658541
3,2021-02-15,6208859.0,11237101.0,39754892.0,32212728.0,10401422.0,4930005.0,53285.973,111424.164,347010.38,250105.36,84704.016,38642.11,16.046553,0.42043048,-45.720226,321832740.0,0.019986687,4894793.0,3005745.0,2.1249974,1.640194
4,2021-02-22,32246878.0,7416784.0,19535630.0,26199852.0,16771440.0,33679836.0,276750.72,73542.9,170521.56,203420.33,136578.28,263987.56,38.29515,-14.68627,-12.616476,397730560.0,0.01999162,8736413.0,12644281.0,1.919717,2.663642
5,2021-03-01,39300710.0,12908941.0,40349668.0,25961776.0,18400876.0,19433852.0,337288.5,128001.69,352202.0,201571.86,149847.6,152325.4,28.69375,-12.293527,29.246054,427518400.0,0.020011984,8979761.0,8097312.0,2.0491498,2.4000375
6,2021-03-08,18509374.0,9065717.0,26852118.0,17879736.0,8838388.0,17709312.0,158852.05,89893.29,234385.33,138821.47,71975.44,138808.22,32.41737,-16.360975,-31.252645,402536960.0,0.020008918,4531423.0,7496471.0,1.9504663,2.362353
7,2021-03-15,33381416.0,17562476.0,22028076.0,11518767.0,12417035.0,7620534.0,286487.62,174144.92,192277.5,89433.76,101118.164,59730.87,20.193113,-15.770639,-22.097486,335934460.0,0.01998006,5483850.0,3600313.0,2.2642915,2.116631
8,2021-03-22,11098081.0,8130609.0,7663584.0,14135762.0,8063229.0,6372910.0,95246.49,80621.0,66893.484,109752.58,65662.93,49951.812,6.212309,-50.438087,-8.622545,336113150.0,0.019997608,4617453.0,3712243.0,1.7462504,1.7167276
9,2021-03-29,22267652.0,19928480.0,5453504.0,24688662.0,17602740.0,18985142.0,191106.52,197605.6,47602.254,191687.17,143347.98,148808.36,12.560613,-12.569241,17.483105,368027780.0,0.01998401,8699678.0,8341671.0,2.0233784,2.27594
10,2021-04-05,8428509.0,14934524.0,13784485.0,5000471.0,4205132.0,34843860.0,72335.56,148086.84,120321.27,38824.547,34244.508,273111.34,26.208424,-6.0766993,-53.980225,314611600.0,0.019979633,2527421.0,12442309.0,1.6638036,2.8004336
11,2021-04-12,9743691.0,1982707.0,22599204.0,23020568.0,9956275.0,2498233.0,83622.78,19660.006,197262.7,178735.8,81078.95,19581.52,9.845595,-43.22749,-11.25318,331673860.0,0.019987796,5748223.0,1455027.0,1.7320614,1.7169667
12,2021-04-19,12363044.0,12816152.0,45052316.0,27258668.0,23949694.0,11420207.0,106102.72,127081.625,393250.25,211641.17,195034.4,89513.27,45.2266,10.244775,-38.569473,378104500.0,0.020020941,11724280.0,6624135.0,2.0427432,1.7240299
13,2021-04-26,20408388.0,5259565.0,23195816.0,20860344.0,21080352.0,32518526.0,175149.86,52152.473,202470.39,161963.44,171667.92,254885.02,40.560608,-7.2106323,-20.130608,379456420.0,0.02000504,9561876.0,11341736.0,2.2046251,2.867156
14,2021-05-03,19600908.0,5198802.0,38912336.0,27196384.0,14913316.0,10933667.0,168219.88,51549.965,339655.9,211157.56,121446.63,85699.7,22.176418,-32.278316,-0.9631307,364976770.0,0.020003134,5884815.0,5163663.0,2.534203,2.1174245
15,2021-05-10,6316841.0,6185497.0,21520160.0,24558228.0,9164721.0,3867572.0,54212.703,61333.773,187844.02,190674.47,74632.94,30314.602,14.243229,-55.42148,8.856522,384760860.0,0.020012138,5470494.0,1859811.0,1.6753005,2.079551
16,2021-05-17,18478516.0,10197754.0,17519284.0,11327558.0,16294355.0,17335748.0,158587.22,101118.27,152921.38,87949.18,132693.12,135880.16,-3.0303147,-10.654946,-0.56511307,382992300.0,0.02001078,8170737.0,7655482.0,1.9942333,2.2644882
17,2021-05-24,43543730.0,9807715.0,23116782.0,27428996.0,20234820.0,21617338.0,373703.12,97250.74,201780.53,212963.61,164782.33,169439.9,22.749788,-14.85678,8.563347,396393600.0,0.01999377,9564728.0,9122815.0,2.1155667,2.3695908
18,2021-05-31,25824280.0,13510633.0,16567121.0,45514784.0,39559340.0,22243568.0,221630.38,133967.9,144610.19,353384.9,322151.6,174348.39,36.12991,-27.300545,24.216654,414525920.0,0.019996468,14150781.0,8554219.0,2.7955587,2.600304
19,2021-06-07,8175817.0,3427227.0,8588973.0,16732938.0,12877788.0,15520161.0,70166.89,33983.49,74970.97,129917.516,104870.305,121649.32,21.359167,-16.079386,-29.633896,353987400.0,0.019979525,6341628.0,6721796.0,2.0306754,2.3089306
20,2021-06-14,27261084.0,3353184.0,19069328.0,34240884.0,23603760.0,9311028.0,233961.39,33249.297,166451.33,265852.3,192217.28,72981.22,5.633676,-26.688234,0.0060785413,371132960.0,0.02002922,9398605.0,4741929.0,2.511411,1.9635528
21,2021-06-21,7732335.0,5728189.0,26930480.0,23236992.0,3214056.0,13778903.0,66360.82,56799.227,235069.33,180416.16,26173.676,108001.086,0.28823894,1.862675,-47.856552,296920400.0,0.02001134,2262338.0,6472909.0,1.420679,2.1287034
22,2021-06-28,11126417.0,1864682.0,7396172.0,15503989.0,28236170.0,13247440.0,95489.68,18489.7,64559.31,120375.734,229941.34,103835.4,-36.86511,-3.4990206,13.390512,352998530.0,0.01999535,12159802.0,6498984.0,2.3220913,2.0383863
23,2021-07-05,20198536.0,10051148.0,25462548.0,27050832.0,18467818.0,23489504.0,173348.88,99664.56,222256.11,210027.48,150392.73,184114.22,39.383453,13.476165,-5.910232,383282460.0,0.020008054,8212158.0,10447150.0,2.2488387,2.2484126
24,2021-07-12,28601884.0,9730546.0,25115472.0,18614772.0,20073608.0,18336228.0,245468.47,96485.555,219226.58,144528.4,163469.48,143722.08,25.45737,2.7712817,-7.9211226,395483000.0,0.02003683,8816495.0,8891178.0,2.276824,2.0622945
25,2021-07-19,27020354.0,4333473.0,17442132.0,16451158.0,16946872.0,14587886.0,231895.4,42969.586,152247.95,127729.73,138006.89,114342.01,-21.626015,23.11327,-22.382942,350722240.0,0.020011988,7552702.0,6801364.0,2.243816,2.1448472
26,2021-07-26,34440996.0,5473002.0,25389444.0,28499090.0,39174210.0,18836184.0,295581.2,54268.86,221618.02,221272.02,319015.28,147640.8,29.770649,-25.992048,9.456928,399202460.0,0.020000927,14322696.0,7585852.0,2.735114,2.4830678
27,2021-08-02,38930384.0,6532831.0,20958888.0,17565402.0,14041230.0,28536192.0,334110.22,64777.85,182944.83,136380.92,114344.8,223670.9,3.5326545,19.307425,-16.588432,386156830.0,0.02000827,7525307.0,12775906.0,1.8658681,2.2335944
28,2021-08-09,21042472.0,14161704.0,25818540.0,31723372.0,27952084.0,10988936.0,180591.73,140423.77,225363.5,246305.92,227627.89,86132.91,-44.038242,37.911404,-12.891628,368096350.0,0.019991372,11732786.0,5829781.0,2.382391,1.8849655
29,2021-08-16,28288826.0,6411987.0,24407152.0,11604184.0,26076160.0,29551360.0,242781.73,63579.59,213043.83,90096.95,212351.3,231627.94,-18.561306,31.669056,-9.112761,376320450.0,0.019985624,12047417.0,11854258.0,2.1644607,2.49289
30,2021-08-23,22972522.0,24860270.0,13651113.0,14625811.0,33556470.0,38096090.0,197155.89,246507.95,119157.1,113557.41,273267.22,298602.78,-17.503077,35.042282,-1.3404607,403087460.0,0.019999813,12450564.0,13253622.0,2.6951768,2.8743906
31,2021-08-30,16509476.0,18782228.0,21956354.0,30732880.0,34541196.0,27556906.0,141688.42,186239.69,191651.44,238615.56,281286.34,215995.11,-15.522978,40.121704,2.6765337,397090850.0,0.019989653,13589623.0,10362517.0,2.5417333,2.659287
32,2021-09-06,24543980.0,5355726.0,10605205.0,37812456.0,24456608.0,11582292.0,210642.55,53105.98,92570.15,293582.62,199162.47,90783.72,-38.44058,-16.357641,24.816345,391062530.0,0.020012038,9903087.0,6053295.0,2.4695945,1.9133863
33,2021-09-13,33405890.0,21516392.0,26826980.0,29820552.0,39397304.0,28450576.0,286697.66,213350.92,234165.89,231532.1,320832.06,222999.84,-8.348485,30.012531,27.964842,407196300.0,0.019976243,13247754.0,12096823.0,2.9738855,2.3519049
34,2021-09-20,29827484.0,12747908.0,25879304.0,18207070.0,41829276.0,18598932.0,255986.89,126404.93,225893.88,141362.94,340636.84,145781.17,-34.973793,59.48357,18.9749,413050600.0,0.01998503,15926242.0,8845140.0,2.6264372,2.1027288
35,2021-09-27,28469256.0,21019912.0,17402368.0,25153820.0,27211466.0,49561090.0,244330.25,208427.97,151900.86,195298.73,221596.66,388467.16,-19.641964,48.526123,3.33418,387301340.0,0.019979369,12081487.0,15710804.0,2.2523274,3.1545863
36,2021-10-04,23225690.0,6071773.0,5919557.0,10623659.0,24953384.0,26270452.0,199328.64,60206.117,51670.312,82483.984,203207.95,205911.69,-59.526756,45.52816,-11.794792,388607900.0,0.020006265,10333956.0,10931109.0,2.4146981,2.403274
37,2021-10-11,30530544.0,4067060.0,7990172.0,7685594.0,31879558.0,21557620.0,262020.72,40327.906,69744.19,59672.324,259611.28,168971.81,-64.02723,40.078674,40.09512,412974180.0,0.019984711,12914285.0,9102281.0,2.46855,2.3683755
38,2021-10-18,35028510.0,11810843.0,15016321.0,14171810.0,54377396.0,20531560.0,300623.38,117113.234,131073.66,110032.45,442822.5,160929.4,-43.7341,41.02034,18.806852,392796450.0,0.019990755,16744503.0,8694613.0,3.2474775,2.3614116
39,2021-10-25,32167140.0,12614009.0,33557604.0,34909188.0,34930324.0,38435444.0,276066.38,125077.22,292915.8,271041.16,284455.2,301262.7,-8.766557,40.421764,4.866601,425574180.0,0.019992914,14215682.0,15369934.0,2.4571683,2.5006902
40,2021-11-01,24566258.0,8011004.0,16113469.0,27299600.0,43168140.0,29335472.0,210833.73,79435.02,140650.39,211958.97,351539.88,229935.77,-48.547764,29.471233,32.87016,424827460.0,0.019995231,16478224.0,11858378.0,2.6197083,2.4738183
41,2021-11-08,11538943.0,1503955.0,1403830.0,11171789.0,16699103.0,14358096.0,99030.08,14912.825,12253.676,86739.766,135989.2,112540.88,-63.172173,-9.411561,40.83967,381071680.0,0.02002705,7520921.0,6429629.0,2.2203534,2.2331142
42,2021-11-15,24045754.0,3703494.0,12383920.0,5387702.0,10252484.0,11434677.0,206366.64,36722.88,108096.1,41831.08,83491.13,89626.695,-39.848507,5.941683,11.272904,379402180.0,0.020002905,5436499.0,5382787.0,1.8858615,2.1243043
43,2021-11-22,10317389.0,2986712.0,35257830.0,28543902.0,31338752.0,26823904.0,88546.4,29615.457,307756.66,221619.94,255207.23,210249.73,-6.455095,38.539494,-17.323538,381270340.0,0.019998578,12338698.0,10621869.0,2.539875,2.525347
44,2021-11-29,22248788.0,2015882.0,7439090.0,11773590.0,12988904.0,10448776.0,190944.64,19988.96,64933.93,91412.25,105775.18,81899.055,-36.842907,-22.883802,-25.43577,325023360.0,0.019984936,5599394.0,4199323.0,2.319698,2.488205
45,2021-12-06,41734410.0,10416470.0,20402228.0,19939372.0,51369410.0,48590324.0,358175.06,103287.0,178085.88,154812.84,418326.94,380858.16,-38.546776,43.79299,22.08004,415447870.0,0.02001112,16176710.0,15533948.0,3.1755164,3.1280086
46,2021-12-13,26181964.0,6612162.0,19639110.0,15656121.0,17126176.0,31841842.0,224700.12,65564.48,171424.81,121556.914,139467.08,249581.06,-22.469772,3.0840664,40.474358,421978020.0,0.019974953,8456377.0,12932788.0,2.025238,2.462102
47,2021-12-20,26963934.0,885565.0,5850528.0,17487872.0,18497612.0,8958177.0,231411.19,8781.031,51067.773,135778.95,150635.36,70215.516,-11.648584,-18.293768,6.1084213,356558400.0,0.019993205,8554342.0,5207063.0,2.1623652,1.7203896
48,2021-12-27,13197668.0,12416884.0,21276280.0,19528852.0,28425824.0,20832778.0,113265.67,123122.586,185715.25,151625.5,231485.78,163290.39,17.854542,22.510214,-24.182425,352355230.0,0.019981679,12662743.0,9841408.0,2.2448394,2.1168494
49,2022-01-03,19749664.0,4935992.0,3566075.0,21271214.0,18811952.0,15490849.0,169496.53,48944.008,31127.363,165153.5,153195.2,121419.57,-37.954964,-17.52782,2.3269262,360129800.0,0.02001572,8987530.0,6917738.0,2.093117,2.239294
50,2022-01-10,25236228.0,5977365.0,9129395.0,5585255.0,9238632.0,21978100.0,216583.6,59269.992,79688.17,43364.914,75234.83,172267.61,1.0294359,-0.92114246,-25.494354,371202000.0,0.020008268,3884143.0,8876483.0,2.378551,2.475992
51,2022-01-17,24516288.0,4453317.0,7534003.0,26880148.0,7485746.0,13776001.0,210404.89,44157.93,65762.4,208702.27,60960.2,107978.336,-14.715302,21.815306,-47.073975,314256450.0,0.020016216,3938415.0,6972788.0,1.9007002,1.9756805
52,2022-01-24,12245016.0,740586.0,18462516.0,9023343.0,9207560.0,5960159.0,105089.77,7343.457,161154.62,70058.84,74981.8,46716.605,-21.919592,-31.998524,-27.025219,320783040.0,0.019977558,4389024.0,2987848.0,2.0978606,1.9948
53,2022-01-31,18019664.0,3758257.0,18821348.0,48721550.0,17629748.0,9489020.0,154649.25,37265.895,164286.77,378282.84,143567.9,74376.34,-2.0929136,-24.586607,1.5539579,371660700.0,0.019987613,8349046.0,5408084.0,2.1115882,1.7545992
54,2022-02-07,30398200.0,10309467.0,13138064.0,14427298.0,18366488.0,9795924.0,260884.92,102225.984,114678.83,112016.12,149567.56,76781.91,14.332948,-29.398762,5.4691424,358617730.0,0.02002392,9006543.0,4600862.0,2.0392385,2.1291497
55,2022-02-14,22367136.0,14903126.0,29873328.0,34869268.0,21981218.0,14185088.0,191960.33,147775.52,260756.7,270731.22,179004.12,111184.82,33.291336,-9.779732,-10.9791975,390851600.0,0.02002303,10765210.0,7006675.0,2.0418754,2.0245106
56,2022-02-21,24609612.0,28177888.0,14320741.0,13323627.0,32255168.0,17781458.0,211205.8,279404.6,125002.12,103447.016,262670.06,139373.7,17.853008,2.8964853,-30.272669,363067940.0,0.020001858,13792270.0,8289573.0,2.338641,2.145039
57,2022-02-28,24128396.0,16522529.0,22552920.0,26452894.0,20355828.0,14113320.0,207075.89,163833.1,196858.72,205384.98,165767.77,110622.3,19.081474,-14.706652,-16.74098,386645300.0,0.020034013,9949370.0,6561641.0,2.0459414,2.1508827
58,2022-03-07,32102880.0,15208507.0,14256201.0,11498028.0,23344690.0,26799796.0,275514.9,150803.6,124438.766,89272.734,190107.56,210060.77,22.48619,-14.121341,-12.5308695,382967940.0,0.02000295,10588517.0,11023051.0,2.2047176,2.4312503
59,2022-03-14,22280672.0,9990784.0,7961256.0,29375640.0,9279357.0,8077671.0,191218.27,99066.01,69491.78,228077.7,75566.47,63313.98,16.376116,-54.100826,-28.278782,338079040.0,0.020026196,4741678.0,3063777.0,1.9569775,2.6365075
60,2022-03-21,31364150.0,15360893.0,21818290.0,27233782.0,9613903.0,15355158.0,269174.94,152314.61,190446.33,211447.94,78290.85,120356.0,35.2021,-31.361542,-31.127821,351046430.0,0.020001482,4303337.0,6543410.0,2.2340577,2.34666
61,2022-03-28,45419510.0,14975566.0,28440352.0,40306216.0,7147281.0,10814323.0,389801.53,148493.8,248248.61,312944.66,58203.906,84764.266,39.58756,-29.704508,-33.31812,368850240.0,0.019993214,4549013.0,5563907.0,1.5711718,1.9436563
62,2022-04-04,16555420.0,6323985.0,30512052.0,19099350.0,14413985.0,17253006.0,142082.73,62706.984,266331.97,148290.77,117380.33,135231.61,21.060429,-30.724018,1.0134289,372911460.0,0.019995894,7018720.0,7394807.0,2.0536487,2.3331246
63,2022-04-11,34815270.0,20377290.0,22351780.0,13698812.0,16607529.0,15171555.0,298793.3,202055.89,195103.03,106360.016,135243.47,118916.9,36.996838,-23.601435,14.015889,405855870.0,0.02000861,7807274.0,7640552.0,2.1271865,1.9856621
64,2022-04-18,39639640.0,27440812.0,38648400.0,28578360.0,31045832.0,22464474.0,340197.25,272095.94,337352.1,221887.48,252821.83,176079.88,35.735603,-23.147686,0.19036746,419596160.0,0.019984307,12536975.0,10366094.0,2.4763415,2.1671107
65,2022-04-25,32200400.0,23671540.0,30275808.0,16125666.0,27266952.0,15147592.0,276351.8,234720.81,264269.84,125202.55,222048.5,118729.07,35.482574,-25.094093,12.714462,397504600.0,0.019981587,10941421.0,6988264.0,2.492085,2.1675758
66,2022-05-02,9271590.0,3708959.0,10408626.0,7180056.0,16636255.0,16214479.0,79571.09,36777.07,90854.26,55747.234,135477.39,127091.49,14.820066,-35.43748,-22.32063,350116860.0,0.019999277,8067321.0,7082545.0,2.0621784,2.2893577
67,2022-05-09,12515125.0,12599204.0,14502462.0,18748112.0,8638263.0,16673330.0,107407.914,124930.414,126588.31,145563.67,70345.72,130688.03,19.715794,-23.890728,1.0481536,356081660.0,0.019977134,4210998.0,6531502.0,2.0513577,2.5527558
68,2022-05-16,15459031.0,13603982.0,15480905.0,14775757.0,17652438.0,33156966.0,132673.25,134893.53,135128.89,114721.61,143752.69,259889.22,9.887148,-12.88919,-4.046443,375702400.0,0.020013928,8336140.0,12786781.0,2.1175795,2.593066
69,2022-05-23,16751894.0,6077347.0,12312909.0,37843944.0,16662802.0,9408687.0,143768.92,60261.39,107476.26,293827.12,135693.58,73746.68,22.068989,-54.40189,10.388468,380631400.0,0.020019136,7779968.0,5163148.0,2.1417572,1.8222772
70,2022-05-30,16514809.0,10524738.0,36735756.0,23616428.0,27332332.0,9232298.0,141734.2,104360.555,320657.12,183362.17,222580.94,72364.12,15.567851,-18.595346,-14.2855835,390157340.0,0.019997876,10243797.0,4760759.0,2.6681836,1.9392492
71,2022-06-06,25020804.0,11390408.0,15211656.0,26869480.0,27815100.0,23511780.0,214734.77,112944.31,132778.69,208619.44,226512.36,184288.81,9.479421,-3.6513066,-1.7303963,388896960.0,0.019988239,12026339.0,9438160.0,2.3128486,2.4911401
72,2022-06-13,28852400.0,1884746.0,8467383.0,23000756.0,37564656.0,17246512.0,247618.47,18688.648,73909.64,178581.97,305907.9,135180.72,-19.296013,1.3378899,16.39679,401448580.0,0.02001539,13895228.0,8389463.0,2.7034214,2.0557349
73,2022-06-20,33708650.0,12703113.0,20319110.0,21948928.0,20499644.0,24533754.0,289296.0,125960.75,177360.36,170415.39,166938.9,192299.2,15.160097,18.334751,5.9735746,417932500.0,0.020013351,9059278.0,11324547.0,2.262834,2.1664226
74,2022-06-27,29954500.0,11010024.0,28320836.0,16812676.0,45553424.0,17180772.0,257076.95,109172.52,247205.4,130536.61,370964.44,134665.44,18.509142,0.7461283,-5.765333,391381470.0,0.019976709,16565619.0,7289040.0,2.7498775,2.3570693
75,2022-07-04,36113856.0,9476159.0,21423036.0,20362504.0,12112803.0,4158151.0,309938.1,93963.12,186996.23,158098.12,98640.65,32592.203,12.981079,-11.360929,-10.333706,373570660.0,0.020001711,5445324.0,2513986.0,2.2244413,1.6540072
76,2022-07-11,41124096.0,20502508.0,25539494.0,28837644.0,30346054.0,22101120.0,352937.22,203297.52,222927.77,223900.61,247123.19,173231.86,17.61995,-13.254019,12.9560995,395964030.0,0.020007076,12163740.0,8763990.0,2.4947963,2.5218103
77,2022-07-18,7870002.0,21814188.0,28655092.0,9052963.0,8681067.0,15594405.0,67542.31,216303.78,250123.03,70288.81,70694.3,122231.26,-10.025289,20.799181,-43.72225,346237700.0,0.019988723,4505429.0,6993595.0,1.9268014,2.2298124
78,2022-07-25,47165410.0,22789898.0,18981574.0,17258674.0,45815480.0,41090160.0,404785.25,225978.69,165685.34,133999.42,373098.5,322070.78,-12.874578,35.665802,32.567757,432993060.0,0.020007268,14806585.0,14487305.0,3.0942638,2.8362873
79,2022-08-01,36352796.0,3615254.0,15182035.0,19774232.0,34375010.0,18120952.0,311988.75,35847.914,132520.14,153530.66,279933.0,142034.7,-4.071175,2.3946838,-1.3282604,371054900.0,0.019998658,13601966.0,7729693.0,2.5272088,2.34433
80,2022-08-08,7690751.0,11761187.0,23769652.0,14647896.0,19381408.0,18981700.0,66003.94,116620.86,207479.27,113728.875,157832.56,148781.38,-16.021412,17.186207,-17.686907,357299600.0,0.019989332,9116665.0,8549466.0,2.1259317,2.2202206
81,2022-08-15,35855588.0,3349417.0,9311566.0,16693493.0,38793820.0,23928892.0,307721.56,33211.945,81278.3,129611.26,315917.6,187558.2,-42.226555,17.301943,22.832432,428084800.0,0.02001263,14394173.0,9539807.0,2.6951058,2.5083203
82,2022-08-22,56696830.0,17387258.0,14417550.0,32122358.0,43936440.0,18122810.0,486586.3,172407.52,125847.13,249403.72,357796.53,142049.27,-40.59102,49.557064,18.684952,403336960.0,0.020003598,16278524.0,7416750.0,2.6990433,2.4434974
83,2022-08-29,61231988.0,29277580.0,36473640.0,19792180.0,43057050.0,53340280.0,525508.1,290308.84,318369.16,153670.02,350635.2,418089.0,16.683516,56.224773,23.6963,475985570.0,0.020026559,14971459.0,15199667.0,2.875942,3.5093057
84,2022-09-05,21494066.0,2658091.0,11048709.0,6095139.0,10096253.0,16684583.0,184467.42,26356.938,96441.38,47323.746,82218.87,130776.234,11.845726,-24.139935,-26.76718,354318300.0,0.019993316,4734287.0,7560610.0,2.1325815,2.2067773
85,2022-09-12,25274992.0,3490180.0,24248360.0,22180910.0,45344270.0,36212344.0,216916.27,34607.715,211657.8,172216.55,369261.25,283837.72,3.7602112,39.077526,25.635887,444436670.0,0.019979715,14772297.0,12468757.0,3.069548,2.9042466
86,2022-09-19,44541376.0,17066700.0,9855651.0,22804996.0,38022496.0,39732790.0,382265.2,169228.95,86027.48,177062.05,309636.3,311431.5,-54.50742,73.07151,21.492456,452444830.0,0.019959928,14654481.0,15586009.0,2.5945985,2.5492601
87,2022-09-26,14818731.0,3445847.0,14829445.0,12079808.0,24157076.0,14864743.0,127178.04,34168.12,129442.46,93789.78,196723.23,116512.055,-30.731354,35.78177,-32.448017,331243620.0,0.020024378,9994640.0,6887026.0,2.4170032,2.1583688
88,2022-10-03,5435215.0,4374789.0,5592415.0,9831251.0,15152685.0,5936151.0,46646.367,43379.266,48814.773,76331.586,123395.945,46528.43,-66.70565,34.553047,-6.328706,339087330.0,0.019987158,8334735.0,3083405.0,1.8180164,1.9251934
89,2022-10-10,42126656.0,33465778.0,43734344.0,40049824.0,59796030.0,48345788.0,361541.44,331837.9,381746.0,310954.0,486949.16,378941.44,-13.087519,84.11866,18.019726,432805820.0,0.020002687,18876784.0,16360275.0,3.1677022,2.955072
90,2022-10-17,36148544.0,10414585.0,12800424.0,9308956.0,24949144.0,21519384.0,310235.8,103268.305,111731.66,72276.39,203173.42,168672.11,-42.81326,26.960335,14.899321,388853570.0,0.019952258,10961718.0,9153935.0,2.276025,2.3508344
91,2022-10-24,18445572.0,13821535.0,10721294.0,10606386.0,17037348.0,15384255.0,158304.47,137050.73,93583.45,82349.875,138743.7,120584.07,-18.514225,20.82634,-0.6554232,364754750.0,0.019981813,8185488.0,8196989.0,2.081409,1.8768178
92,2022-10-31,17394602.0,8146470.0,9796839.0,26747244.0,37322850.0,16260377.0,149284.8,80778.27,85514.125,207670.38,303938.72,127451.24,-71.62768,1.0889136,43.075283,412331800.0,0.020015508,15192901.0,7006356.0,2.4565978,2.3208036
93,2022-11-07,39530150.0,1411406.0,18280920.0,21659236.0,38643436.0,21209798.0,339257.62,13995.134,159569.53,168166.17,314692.94,166245.53,-53.83876,12.683995,33.23641,414474430.0,0.019996423,14727667.0,8856935.0,2.6238668,2.3947108
94,2022-11-14,39885580.0,6220678.0,18373566.0,23610468.0,35057280.0,21237228.0,342307.97,61682.62,160378.2,183315.89,285489.1,166460.55,-19.942326,16.321924,3.6855106,405190240.0,0.019999593,13336581.0,10014328.0,2.6286557,2.1206844
95,2022-11-21,29228652.0,16556690.0,14650086.0,19074840.0,30707518.0,35979456.0,250847.58,164171.81,127876.88,148100.45,250066.77,282012.3,-11.545457,18.557224,36.250553,397159700.0,0.020006305,12732862.0,13921471.0,2.4116745,2.5844579
96,2022-11-28,40604296.0,12513139.0,14905450.0,23272388.0,60985596.0,25242398.0,348476.16,124077.02,130105.89,180690.98,496636.4,197853.66,-31.814611,22.758274,24.395752,402953600.0,0.0200128,18302852.0,11428264.0,3.332027,2.2087693
97,2022-12-05,1460507.0,180654.0,5401795.0,2077430.0,151534.0,2881687.0,12534.435,1791.3179,47150.9,16129.537,1234.0176,22587.09,-62.404034,-9.336855,-59.661343,260012350.0,0.020015547,147758.0,1768422.0,1.0255553,1.6295245
98,2022-12-12,28538768.0,13135200.0,5760056.0,23505466.0,59163376.0,24976544.0,244926.81,130245.22,50278.07,182500.62,481797.16,195769.86,-31.178919,22.621891,52.663834,439192830.0,0.01998723,19103680.0,11390686.0,3.0969622,2.1927164
99,2022-12-19,17085604.0,16754857.0,16914492.0,29579628.0,24406428.0,28383448.0,146632.9,166136.78,147642.3,229661.5,198753.83,222473.67,-16.587646,12.638203,-14.699255,387818750.0,0.019993696,11139511.0,11230721.0,2.1909783,2.5273042
100,2022-12-26,15846973.0,4499825.0,9992900.0,6766633.0,28267008.0,9762686.0,136002.66,44619.09,87225.49,52537.348,230192.48,76521.38,-30.300627,5.723969,-14.64876,340993540.0,0.019984739,11867859.0,4803378.0,2.3818119,2.0324626
101,2023-01-02,33683376.0,13192933.0,25110868.0,21036656.0,27159192.0,19579984.0,289079.1,130817.68,219186.39,163332.34,221170.95,153470.81,18.822477,-12.166318,4.068025,391109500.0,0.020013232,10459411.0,8400934.0,2.5966272,2.3306913
102,2023-01-09,9571748.0,7505488.0,18722398.0,13184040.0,22402584.0,26889236.0,82147.125,74422.46,163423.06,102363.234,182435.52,210761.81,-32.719666,33.312466,-12.792657,361874700.0,0.019957967,10042576.0,10378673.0,2.2307608,2.5908165
103,2023-01-16,28821888.0,22808816.0,27913064.0,22555156.0,33144920.0,26995634.0,247356.62,226166.28,243646.06,175122.25,269915.75,211595.78,9.768822,6.4261336,8.510408,440371940.0,0.0200039,13633563.0,12655736.0,2.4311268,2.133075
104,2023-01-23,52740510.0,22962716.0,25028326.0,50749070.0,41603348.0,58826664.0,452632.2,227692.3,218465.9,394024.84,338797.0,461092.1,45.966705,38.71477,-4.4449797,433100670.0,0.02001101,13791294.0,17436660.0,3.0166385,3.3737347
105,2023-01-30,10710915.0,4768180.0,11211536.0,18396528.0,19323968.0,4877196.0,91923.734,47280.027,97862.66,142833.92,157364.78,38228.184,11.585216,-31.04343,-15.280212,338842530.0,0.02002332,8407124.0,2649327.0,2.298523,1.8409189
106,2023-02-06,38096230.0,16358959.0,12824462.0,40216396.0,36533456.0,49505884.0,326951.34,162211.17,111941.48,312247.28,297510.3,388034.47,26.281876,-9.743465,64.93758,475975040.0,0.019991182,13573674.0,14976689.0,2.6914935,3.3055294
107,2023-02-13,43142636.0,9549159.0,15005473.0,10807468.0,40443264.0,28420474.0,370260.8,94686.97,130978.97,83911.11,329349.88,222763.89,5.909563,-18.866003,27.336948,403631520.0,0.020038467,13212915.0,11190896.0,3.0608888,2.5396066
108,2023-02-20,30177224.0,7794683.0,35673856.0,16926536.0,9484402.0,11568398.0,258988.44,77290.04,311388.06,131420.64,77236.26,90674.82,42.284782,-67.76622,8.419787,389125980.0,0.019976746,4630913.0,4829152.0,2.048063,2.395534
109,2023-02-27,15367524.0,9985225.0,25278658.0,21787772.0,9644884.0,10725997.0,131887.9,99010.88,220651.0,169164.16,78543.14,84071.95,31.016119,-65.477646,9.081024,368426530.0,0.019995986,4789252.0,4335719.0,2.0138602,2.4738681
110,2023-03-06,39209090.0,21950702.0,31866560.0,18428108.0,15435820.0,19607884.0,336502.12,217657.44,278155.12,143079.12,125701.65,153689.48,73.63483,-28.799257,-9.719911,392350270.0,0.020031864,7897851.0,8889097.0,1.954433,2.2058353
111,2023-03-13,11642084.0,1977896.0,25217444.0,12763196.0,5392873.0,6923370.0,99915.26,19612.3,220116.69,99095.73,43916.88,54266.4,53.395447,-69.73306,-35.173996,322464220.0,0.019985791,3398998.0,3625583.0,1.5866067,1.9095881
112,2023-03-20,31815092.0,3712585.0,26431748.0,13088228.0,15220231.0,9546029.0,273045.03,36813.023,230716.02,101619.336,123946.0,74823.19,7.629749,-26.910273,-6.9923844,359578980.0,0.019985871,7117337.0,4681527.0,2.1384728,2.0390844
113,2023-03-27,31043496.0,1730811.0,15735277.0,29376060.0,26993352.0,25189154.0,266423.0,17162.27,137349.25,228080.97,219820.44,197436.31,14.848222,-22.192944,23.067472,410922720.0,0.019979496,10665946.0,10531917.0,2.5307977,2.391697
114,2023-04-03,25304042.0,12489128.0,20374478.0,23171404.0,8173529.0,19584448.0,217165.58,123838.94,177843.66,179906.92,66561.16,153505.8,84.55797,-40.397057,-29.63819,366897540.0,0.019998927,4880819.0,8288461.0,1.6746224,2.362857
115,2023-04-10,3844578.0,15604915.0,13930673.0,9377567.0,6517837.0,13011583.0,32995.125,154734.27,121597.31,72809.1,53078.023,101986.72,25.34418,-47.230442,-33.44372,336473200.0,0.019987166,3734346.0,5815695.0,1.7453758,2.237322
116,2023-04-17,25531868.0,6048892.0,27274128.0,14122007.0,18040202.0,11150008.0,219120.84,59979.234,238068.95,109645.78,146910.44,87395.414,49.183273,-42.08453,-27.572268,381637440.0,0.019977571,7642138.0,5123098.0,2.3606224,2.176419
117,2023-04-24,45878268.0,18144880.0,34074680.0,21492914.0,25321020.0,17381964.0,393738.72,179919.89,297429.25,166874.81,206201.8,136242.4,56.30952,-14.938459,-8.806702,377563520.0,0.019979518,10906815.0,6341472.0,2.3215778,2.7409983
118,2023-05-01,36140220.0,16969516.0,19364552.0,26443672.0,11850896.0,17261542.0,310164.38,168265.3,169028.25,205313.39,96507.81,135298.53,36.06099,-48.662434,-7.9239373,383259040.0,0.020004416,5698735.0,8717683.0,2.079566,1.9800608
119,2023-05-08,9287388.0,6642882.0,15707022.0,25204842.0,3810533.0,23880560.0,79706.67,65869.086,137102.61,195694.89,31031.088,187179.38,43.03861,-40.733593,-45.04887,332108160.0,0.019987823,2034098.0,10388037.0,1.8733281,2.298852
120,2023-05-15,52269170.0,10933149.0,21284664.0,27496240.0,33065128.0,29707052.0,448587.0,108410.25,185788.42,213485.7,269265.97,232848.27,8.543867,-16.589853,14.965087,409831840.0,0.019999316,13251323.0,12475084.0,2.495232,2.3813107
121,2023-05-22,10991443.0,7968429.0,18577304.0,24972052.0,11595837.0,17716986.0,94331.3,79012.86,162156.58,193887.45,94430.734,138868.36,54.42662,-22.593304,-30.467781,351619460.0,0.020020029,5523738.0,8507071.0,2.0992734,2.0826187
122,2023-05-29,21299830.0,15810200.0,31390044.0,27496192.0,38933690.0,17033118.0,182800.44,156769.81,273995.75,213485.33,317056.6,133508.1,50.532883,-53.72795,29.528944,392341820.0,0.019978251,14403284.0,7178187.0,2.703112,2.3728998
123,2023-06-05,14151971.0,7342252.0,13412894.0,24370002.0,3881504.0,10078386.0,121455.734,72803.85,117077.75,189213.05,31609.041,78995.88,10.562697,-29.791214,-44.746086,308536540.0,0.020011228,2401611.0,5492738.0,1.6162084,1.8348565
124,2023-06-12,47181590.0,20496924.0,34689864.0,16737207.0,29003650.0,38569864.0,404924.16,203242.14,302799.03,129950.66,236191.31,302316.3,14.268923,3.832574,6.529361,417707000.0,0.020004872,11379523.0,12498669.0,2.548758,3.0859177
125,2023-06-19,14381811.0,13254934.0,12958610.0,12899162.0,13615076.0,7682045.0,123428.28,131432.47,113112.42,100151.39,110874.414,60213.008,1.3140635,-22.931913,-5.092389,354378100.0,0.020008655,6962972.0,3475872.0,1.9553541,2.210106
126,2023-06-26,33146424.0,17533852.0,14295085.0,42181304.0,28810608.0,13941624.0,284470.84,173861.1,124778.17,327503.16,234619.28,109276.516,45.690052,-13.933332,-4.262186,373747620.0,0.019988103,12823541.0,6113158.0,2.2466967,2.2805927
127,2023-07-03,37381270.0,11857534.0,20613074.0,24078552.0,35473040.0,15439051.0,320815.38,117576.22,179926.3,186950.16,288874.8,121013.57,23.400331,-5.689465,1.849458,411179740.0,0.020002617,14460671.0,6391344.0,2.4530702,2.415619
128,2023-07-10,15138010.0,21334820.0,15543273.0,10405136.0,24873550.0,41448590.0,129918.164,211550.5,135673.28,80787.33,202557.83,324880.2,8.623159,12.127786,17.851835,404437220.0,0.020004908,11230300.0,14613455.0,2.2148607,2.8363307
129,2023-07-17,19681858.0,17168348.0,17738432.0,29068998.0,34848172.0,42630336.0,168914.6,170236.86,154834.27,225696.89,283786.2,334142.88,5.630115,26.525473,7.704516,399279330.0,0.01998592,13608673.0,14815825.0,2.5607326,2.8773515
130,2023-07-24,41001816.0,24084292.0,32851418.0,34289496.0,41154656.0,24598284.0,351887.78,238813.55,286751.7,266229.78,335143.1,192805.0,20.233353,-0.84587073,20.636042,440889440.0,0.020005068,14927262.0,10880057.0,2.757013,2.2608597
131,2023-07-31,36266336.0,14425670.0,9135816.0,30589202.0,29088182.0,38935116.0,311246.72,143041.19,79744.22,237500.02,236879.7,305179.22,2.1091661,13.143261,10.720933,402490300.0,0.019993192,13194204.0,14864278.0,2.2046182,2.6193748
132,2023-08-07,10057174.0,2288229.0,12294022.0,16613046.0,15686414.0,7694851.0,86313.17,22689.48,107311.4,128986.65,127742.36,60313.383,-21.092419,7.1686354,-18.66904,362291420.0,0.01998411,7703228.0,3826663.0,2.0363429,2.0108514
133,2023-08-14,8464930.0,1501485.0,11685008.0,37471890.0,4826218.0,1110432.0,72648.13,14888.334,101995.48,290938.44,39302.324,8703.73,-8.741592,-37.545906,-7.477274,356555550.0,0.019984104,2816632.0,720956.0,1.7134713,1.5402216
134,2023-08-21,29443448.0,12240211.0,8479571.0,30627720.0,31803684.0,20564482.0,252691.0,121370.74,74016.02,237799.06,258993.4,161187.45,-19.351416,-8.022191,19.135027,381754700.0,0.019994255,13102545.0,7623449.0,2.4272907,2.69753
135,2023-08-28,26621476.0,7152443.0,28069002.0,14607159.0,28901688.0,13407700.0,228472.12,70921.76,245007.2,113412.586,235361.0,105091.53,-34.387764,3.1392188,18.985348,395328770.0,0.019992033,11711078.0,6080449.0,2.4678931,2.205051
136,2023-09-04,33630216.0,15262019.0,21026132.0,13034241.0,12729665.0,34331016.0,288622.88,151334.2,183531.77,101200.17,103664.07,269091.6,0.7954784,0.31942546,24.243639,414854050.0,0.02002706,6194405.0,13360245.0,2.0550263,2.5696397
137,2023-09-11,65604430.0,19090400.0,13300090.0,16574837.0,33818580.0,41320910.0,563033.56,189295.42,116093.12,128689.984,275401.72,323879.4,-30.281794,70.60813,5.945562,427945760.0,0.019985218,12920334.0,15118382.0,2.6174695,2.733157
138,2023-09-18,13597335.0,4425720.0,19770862.0,9537988.0,13903596.0,4116071.0,116695.71,43884.285,172574.84,74054.64,113223.98,32262.375,-48.512657,6.8688684,3.5811114,363697150.0,0.02002409,5732201.0,2060840.0,2.425525,1.9972783
139,2023-09-25,38683196.0,13945301.0,22129166.0,36680924.0,34881852.0,43019692.0,331988.78,138277.97,193159.88,284797.25,284060.47,337194.72,-9.798451,16.40484,34.470356,439195500.0,0.020005379,12024806.0,15366664.0,2.9008245,2.7995467
140,2023-10-02,15742272.0,18343312.0,1750032.0,29296270.0,30090520.0,6513148.0,135104.1,181887.52,15275.585,227461.47,245042.23,51051.02,-59.290573,7.2977567,28.830425,384696100.0,0.019988175,12268603.0,3482368.0,2.4526443,1.8703216
141,2023-10-09,20541326.0,1529702.0,1448262.0,10798212.0,20893432.0,3648823.0,176290.77,15168.125,12641.512,83839.24,170145.72,28600.014,-58.95729,5.095106,-20.330902,327051520.0,0.020023648,10838435.0,1965638.0,1.9277167,1.8563046
142,2023-10-16,16487140.0,9886016.0,8159031.0,22951344.0,14359684.0,7552468.0,141496.73,98027.16,71218.11,178198.33,116938.13,59197.363,-52.088768,-15.78662,5.6728797,352329250.0,0.01998727,7663912.0,4422281.0,1.8736755,1.7078218
143,2023-10-23,24386518.0,12339648.0,6009140.0,19940576.0,31972992.0,37673164.0,209291.16,122356.73,52452.26,154822.19,260372.16,295287.84,-23.377356,33.301456,13.429878,398434080.0,0.020022526,13395265.0,12805068.0,2.3868876,2.9420512
144,2023-10-30,20794492.0,5214297.0,3222639.0,6118292.0,24757546.0,11348547.0,178463.5,51703.61,28129.6,47503.508,201613.16,88951.59,-39.015797,13.998437,-8.268596,337626000.0,0.019981008,9466282.0,5157974.0,2.61534,2.2001946
145,2023-11-06,9027959.0,9230321.0,5639075.0,7579350.0,25380776.0,22167548.0,77480.19,91525.45,49222.055,58847.426,206688.44,173752.53,-34.34125,28.82347,-5.406741,354402560.0,0.019990254,10282247.0,9146117.0,2.4684076,2.4237113
146,2023-11-13,20757698.0,7816865.0,23539116.0,26053168.0,24625472.0,19066084.0,178147.73,77509.99,205466.97,202281.44,200537.61,149442.8,17.594427,16.974121,-11.98417,411333020.0,0.019979214,10779660.0,9078732.0,2.2844386,2.1000822
147,2023-11-20,22539912.0,18297332.0,10042235.0,38615948.0,42429200.0,45617252.0,193443.12,181431.56,87656.12,299821.12,345522.34,357554.78,-43.549397,59.03301,21.38569,435123260.0,0.019976817,14185263.0,14887354.0,2.991076,3.064161
148,2023-11-27,8772262.0,8812155.0,32239912.0,22176974.0,17475736.0,24805704.0,75285.734,87379.03,281414.03,172185.98,142313.7,194430.8,-16.54644,-5.2441874,8.087964,372121730.0,0.020010766,8272482.0,9617188.0,2.1125143,2.5793095
149,2023-12-04,40022028.0,15281000.0,21862984.0,37677184.0,47804550.0,44100090.0,343479.0,151522.4,190836.45,292532.38,389296.5,345663.0,-16.032162,42.853073,27.72209,426616220.0,0.019983929,16007002.0,14016062.0,2.9864776,3.1463964
150,2023-12-11,15801054.0,2427980.0,9319280.0,7854006.0,19893040.0,10677552.0,135608.58,24075.217,81345.63,60979.902,161999.05,83692.234,-41.185097,23.627588,0.065068305,353060670.0,0.019990906,9266642.0,5340878.0,2.1467366,1.9992129
151,2023-12-18,13561583.0,3223627.0,13274481.0,2990848.0,42022676.0,9205640.0,116388.88,31964.645,115869.58,23221.477,342211.78,72155.17,-35.274197,8.443175,8.286902,371886750.0,0.0200161,15228392.0,4403572.0,2.7594953,2.090494
152,2023-12-25,26753664.0,17982752.0,38422050.0,21074116.0,47192564.0,47684424.0,229606.61,178312.28,335376.3,163623.19,384312.78,373757.56,11.138837,7.8515754,42.806793,404862560.0,0.020004224,16131152.0,15840536.0,2.9255545,3.0102785
153,2024-01-01,35382570.0,17467344.0,22321556.0,32104022.0,29344414.0,46689740.0,303662.0,173201.62,194839.2,249261.36,238966.33,365961.1,17.559355,-1.9013774,31.21843,454137470.0,0.01999614,12274971.0,15917194.0,2.3905892,2.9332895
154,2024-01-08,7308494.0,11146266.0,11703546.0,10387720.0,7905808.0,4398423.0,62723.316,110523.47,102157.28,80652.11,64380.973,34475.492,-25.212671,5.7179112,-42.318146,336460640.0,0.019983238,4349807.0,2261172.0,1.8175077,1.9451962
155,2024-01-15,31290152.0,9533722.0,19948708.0,15699546.0,22520296.0,11582357.0,268539.88,94533.9,174127.22,121894.08,183394.1,90784.23,-21.216763,-20.851595,29.164724,368704060.0,0.019995568,9794108.0,4667579.0,2.2993717,2.4814484
